state,area,adjustment_pct,is_state_total
Alabama,Alabama,80.77,yes
California,California,113.85,yes
California,"Anniston-Oxford-Jacksonville, AL",77.55,
California,"Bakersfield, CA",103.06,
California,"Auburn-Opelika, AL",81.23,
California,"Chico, CA",105.13,
California,"Birmingham-Hoover, AL",83.09,
California,"El Centro, CA",103.89,
California,"Columbus, GA-AL",80.51,
California,"Fresno, CA",104.70,
California,"Daphne-Fairhope-Foley, AL",82.22,
California,"Hanford-Corcoran, CA",106.81,
California,"Decatur, AL",82.06,
California,"Los Angeles-Long Beach-Anaheim, CA",112.64,
California,"Dothan, AL",75.96,
California,"Madera, CA",102.84,
California,"Florence-Muscle Shoals, AL",76.72,
California,"Merced, CA",105.02,
California,"Gadsden, AL",74.95,
California,"Modesto, CA",108.73,
California,"Huntsville, AL",84.75,
California,"Napa, CA",122.17,
California,"Mobile, AL",80.76,
California,"Oxnard-Thousand Oaks-Ventura, CA",110.21,
California,"Montgomery, AL",80.77,
California,"Redding, CA",105.37,
California,"Tuscaloosa, AL",82.88,
California,"Riverside-San Bernardino-Ontario, CA",108.27,
California,Northwest Alabama nonmetropolitan area,77.05,
California,"Sacramento--Roseville--Arden-Arcade, CA",112.51,
California,Northeast Alabama nonmetropolitan area,76.60,
California,"Salinas, CA",111.49,
California,Southwest Alabama nonmetropolitan area,75.74,
California,"San Diego-Carlsbad, CA",113.09,
California,Southeast Alabama nonmetropolitan area,76.27,
California,"San Francisco-Oakland-Hayward, CA",127.08,
Alaska,Alaska,109.78,yes
Alaska,"San Jose-Sunnyvale-Santa Clara, CA",128.09,
Alaska,"Anchorage, AK",108.42,
Alaska,"Fairbanks, AK",109.88,
Alaska,San Luis Obispo-Paso Robles-Arroyo Grande CA,111.23,
Alaska,Alaska nonmetropolitan area,112.14,
Alaska,"Santa Cruz-Watsonville, CA",113.86,
Arizona,Arizona,106.75,yes
Arizona,"Santa Maria-Santa Barbara, CA",111.51,
Arizona,"Flagstaff, AZ",107.20,
Arizona,"Santa Rosa, CA",120.41,
Arizona,"Lake Havasu City-Kingman, AZ",102.39,
Arizona,"Stockton-Lodi, CA",109.02,
Arizona,"Phoenix-Mesa-Scottsdale, AZ",108.49,
Arizona,"Vallejo-Fairfield, CA",117.06,
Arizona,"Prescott, AZ",107.60,
Arizona,"Visalia-Porterville, CA",103.32,
Arizona,"Sierra Vista-Douglas, AZ",99.02,
Arizona,"Yuba City, CA",107.34,
Arizona,"Tucson, AZ",102.39,
Arizona,"Yuma, AZ",96.09,
Arizona,nonmetropolitan area,109.02,
Arizona,Arizona nonmetropolitan area,100.71,
Arkansas,Arkansas,87.01,yes
Arkansas,California nonmetropolitan area,111.46,
Arkansas,"Fayetteville-Springdale-Rogers, AR-MO",90.35,
Arkansas,"Fort Smith, AR-OK",83.78,
Arkansas,California nonmetropolitan area,111.70,
Arkansas,"Hot Springs, AR",85.93,
Colorado,Colorado,112.95,yes
Colorado,"Jonesboro, AR",86.07,
Colorado,"Boulder, CO",119.71,
Colorado,"Little Rock-North Little Rock-Conway, AR",87.88,
Colorado,"Colorado Springs, CO",108.11,
Colorado,"Memphis, TN-MS-AR",87.71,
Colorado,"Denver-Aurora-Lakewood, CO",114.79,
Colorado,"Pine Bluff, AR",85.86,
Colorado,"Fort Collins, CO",110.86,
Colorado,"Texarkana, TX-AR",81.14,
Colorado,"Grand Junction, CO",103.96,
Colorado,North Arkansas nonmetropolitan area,84.87,
Colorado,"Greeley, CO",107.75,
Colorado,East Arkansas nonmetropolitan area,84.19,
Colorado,"Pueblo, CO",102.73,
Colorado,West Arkansas nonmetropolitan area,84.25,
Colorado,South Arkansas nonmetropolitan area,84.18,
Colorado,nonmetropolitan area,105.00,
Colorado,Southwest Colorado nonmetropolitan area,110.36,
Colorado,Northwest Colorado nonmetropolitan area,117.85,
Connecticut,Connecticut,110.92,yes
Georgia,Georgia,87.99,yes
Georgia,"Bridgeport-Stamford-Norwalk, CT",114.96,
Georgia,"Albany, GA",78.53,
Georgia,"Danbury, CT",108.11,
Georgia,"Athens-Clarke County, GA",86.20,
Georgia,"Hartford-West Hartford-East Hartford, CT",109.30,
Georgia,"Atlanta-Sandy Springs-Roswell, GA",91.87,
Georgia,"New Haven, CT",110.59,
Georgia,"Augusta-Richmond County, GA-SC",82.75,
Georgia,"Norwich-New London-Westerly, CT-RI",110.23,
Georgia,"Brunswick, GA",83.12,
Georgia,"Springfield, MA-CT",110.96,
Georgia,"Chattanooga, TN-GA",85.68,
Georgia,"Waterbury, CT",108.24,
Georgia,"Columbus, GA-AL",80.51,
Georgia,"Worcester, MA-CT",111.22,
Georgia,"Dalton, GA",83.21,
Georgia,Connecticut nonmetropolitan area,109.21,
Georgia,"Gainesville, GA",87.35,
Delaware,Delaware,95.79,yes
Delaware,"Hinesville, GA",82.54,
Delaware,"Dover, DE",91.44,
Delaware,"Macon, GA",82.31,
Delaware,"Philadelphia-Camden-Wilmington, PA-NJ-DE-               Rome, GA",82.24,
Delaware,MD,99.29,
Delaware,"Savannah, GA",87.68,
Delaware,"Salisbury, MD-DE",94.50,
Delaware,"Valdosta, GA",76.27,
District of Columbia,District of Columbia,131.26,yes
District of Columbia,"Warner Robins, GA",81.32,
District of Columbia,"Washington-Arlington-Alexandria, DC-VA-MD-              North Georgia nonmetropolitan area",81.28,
District of Columbia,Middle Georgia nonmetropolitan area,79.93,
Florida,Florida,94.62,yes
Florida,East Georgia nonmetropolitan area,80.80,
Florida,"Cape Coral-Fort Myers, FL",95.17,
Florida,South Georgia nonmetropolitan area,80.41,
Florida,"Crestview-Fort Walton Beach-Destin, FL",95.06,
Florida,Guam,69.53,
Florida,"Deltona-Daytona Beach-Ormond Beach, FL",89.21,
Hawaii,Hawaii,111.60,yes
Hawaii,"Gainesville, FL",90.54,
Hawaii,"Kahului-Wailuku-Lahaina, HI",123.95,
Hawaii,"Homosassa Springs, FL",87.47,
Hawaii,"Urban Honolulu, HI",108.84,
Hawaii,"Jacksonville, FL",92.59,
Hawaii,Hawaii / Kauai nonmetropolitan area,110.79,
Hawaii,"Lakeland-Winter Haven, FL",91.17,
Idaho,Idaho,91.03,yes
Idaho,"Miami-Fort Lauderdale-West Palm Beach, FL",96.72,
Idaho,"Boise City, ID",92.33,
Idaho,"Naples-Immokalee-Marco Island, FL",102.55,
Idaho,"Alene, ID",94.02,
Idaho,"North Port-Sarasota-Bradenton, FL",97.34,
Idaho,"Idaho Falls, ID",90.52,
Idaho,"Ocala, FL",88.61,
Idaho,"Lewiston, ID-WA",97.28,
Idaho,"Orlando-Kissimmee-Sanford, FL",95.22,
Idaho,"Logan, UT-ID",87.74,
Idaho,"Palm Bay-Melbourne-Titusville, FL",93.32,
Idaho,"Pocatello, ID",83.48,
Idaho,"Panama City, FL",90.55,
Idaho,"Twin Falls, ID",87.93,
Idaho,"Pensacola-Ferry Pass-Brent, FL",89.51,
Idaho,Northwestern Idaho nonmetropolitan area,89.28,
Idaho,"Port St. Lucie, FL",93.61,
Idaho,Southeast-Central Idaho nonmetropolitan area,90.91,
Idaho,"Punta Gorda, FL",93.06,
Illinois,Illinois,103.33,yes
Illinois,"Sebastian-Vero Beach, FL",94.10,
Illinois,"Bloomington, IL",96.10,
Illinois,"Sebring, FL",86.49,
Illinois,"Cape Girardeau, MO-IL",89.18,
Illinois,"Tallahassee, FL",85.96,
Illinois,"Carbondale-Marion, IL",93.00,
Illinois,"Tampa-St. Petersburg-Clearwater, FL",94.43,
Illinois,"Champaign-Urbana, IL",97.99,
Illinois,"The Villages, FL",91.73,
Illinois,"Chicago-Naperville-Elgin, IL-IN-WI",105.51,
Illinois,South Florida nonmetropolitan area,95.76,
Illinois,"Danville, IL",96.52,
Illinois,North Florida nonmetropolitan area,91.04,
Illinois,"Davenport-Moline-Rock Island, IA-IL",92.51,
Illinois,"Decatur, IL",96.70,
Illinois,"Kankakee, IL",96.92,
Illinois,"Peoria, IL",95.32,
Illinois,"Rockford, IL",96.98,
Illinois,"St. Louis, MO-IL",97.84,
Illinois,"Springfield, IL",98.54,
Illinois,Northwest Illinois nonmetropolitan area,95.73,
Illinois,West Central Illinois nonmetropolitan area,95.87,
Illinois,East Central Illinois nonmetropolitan area,93.65,
Illinois,South Illinois nonmetropolitan area,95.44,
Indiana,Indiana,89.54,yes
Louisiana,Louisiana,79.26,yes
Louisiana,"Bloomington, IN",89.02,
Louisiana,"Alexandria, LA",74.81,
Louisiana,"Chicago-Naperville-Elgin, IL-IN-WI",105.51,
Louisiana,"Baton Rouge, LA",81.06,
Louisiana,"Cincinnati, OH-KY-IN",93.38,
Louisiana,"Hammond, LA",76.69,
Louisiana,"Columbus, IN",85.01,
Louisiana,"Houma-Thibodaux, LA",78.65,
Louisiana,"Elkhart-Goshen, IN",93.95,
Louisiana,"Lafayette, LA",76.84,
Louisiana,"Evansville, IN-KY",85.12,
Louisiana,"Lake Charles, LA",79.37,
Louisiana,"Fort Wayne, IN",88.03,
Louisiana,"Monroe, LA",71.88,
Louisiana,"Indianapolis-Carmel-Anderson, IN",91.44,
Louisiana,"New Orleans-Metairie, LA",83.43,
Louisiana,"Kokomo, IN",87.54,
Louisiana,"Shreveport-Bossier City, LA",77.61,
Louisiana,"Lafayette-West Lafayette, IN",87.83,
Louisiana,Central Louisiana nonmetropolitan area,74.61,
Louisiana,"Louisville/Jefferson County, KY-IN",91.34,
Louisiana,Northeast Louisiana nonmetropolitan area,72.44,
Louisiana,"Michigan City-La Porte, IN",86.11,
Louisiana,Southwest Louisiana nonmetropolitan area,73.10,
Louisiana,"Muncie, IN",85.49,
Maine,Maine,107.24,yes
Maine,"South Bend-Mishawaka, IN-MI",89.87,
Maine,"Bangor, ME",104.56,
Maine,"Terre Haute, IN",84.30,
Maine,"Dover-Durham, NH-ME",98.74,
Maine,Northern Indiana nonmetropolitan area,85.33,
Maine,"Lewiston-Auburn, ME",104.27,
Maine,Central Indiana nonmetropolitan area,84.83,
Maine,"Portland-South Portland, ME",111.62,
Maine,Southern Indiana nonmetropolitan area,84.84,
Maine,"Portsmouth, NH-ME",104.78,
Iowa,Iowa,91.45,yes
Iowa,Northeast Maine nonmetropolitan area,103.11,
Iowa,"Ames, IA",92.02,
Iowa,Southwest Maine nonmetropolitan area,105.36,
Iowa,"Cedar Rapids, IA",92.49,
Maryland,Maryland,104.83,yes
Maryland,"Davenport-Moline-Rock Island, IA-IL",92.51,
Maryland,"Baltimore-Columbia-Towson, MD",103.31,
Maryland,"Des Moines-West Des Moines, IA",94.03,
Maryland,"California-Lexington Park, MD",102.55,
Maryland,"Dubuque, IA",92.62,
Maryland,"Cumberland, MD-WV",92.60,
Maryland,"Iowa City, IA",92.59,
Maryland,"Hagerstown-Martinsburg, MD-WV",94.59,
Maryland,"Omaha-Council Bluffs, NE-IA",94.67,
Maryland,"Sioux City, IA-NE-SD",92.55,
Maryland,"Waterloo-Cedar Falls, IA",91.79,
Maryland,MD,99.29,
Maryland,Northeast Iowa nonmetropolitan area,89.52,
Maryland,"Salisbury, MD-DE",94.50,
Maryland,Northwest Iowa nonmetropolitan area,89.16,
Maryland,Southwest Iowa nonmetropolitan area,89.09,
Maryland,WV,113.38,
Maryland,Southeast Iowa nonmetropolitan area,88.63,
Maryland,Maryland nonmetropolitan area,99.21,
Kansas,Kansas,87.99,yes
Massachusetts,Massachusetts,116.63,yes
Massachusetts,"Kansas City, MO-KS",96.48,
Massachusetts,"Barnstable Town, MA",118.43,
Massachusetts,"Lawrence, KS",85.66,
Massachusetts,"Boston-Cambridge-Nashua, MA-NH",117.90,
Massachusetts,"Manhattan, KS",84.60,
Massachusetts,"Leominster-Gardner, MA",111.23,
Massachusetts,"St. Joseph, MO-KS",93.69,
Massachusetts,"New Bedford, MA",109.69,
Massachusetts,"Topeka, KS",87.11,
Massachusetts,"Pittsfield, MA",110.93,
Massachusetts,"Wichita, KS",86.30,
Massachusetts,"Providence-Warwick, RI-MA",107.01,
Massachusetts,Kansas nonmetropolitan area,83.04,
Massachusetts,"Springfield, MA-CT",110.96,
Kentucky,Kentucky,86.42,yes
Kentucky,"Worcester, MA-CT",111.22,
Kentucky,"Bowling Green, KY",84.41,
Kentucky,"Cincinnati, OH-KY-IN",93.38,
Kentucky,Massachusetts nonmetropolitan area,120.05,
Kentucky,"Clarksville, TN-KY",84.26,
Kentucky,"Elizabethtown-Fort Knox, KY",84.20,
Kentucky,"Evansville, IN-KY",85.12,
Kentucky,"Huntington-Ashland, WV-KY-OH",81.37,
Kentucky,"Lexington-Fayette, KY",89.40,
Kentucky,"Louisville/Jefferson County, KY-IN",91.34,
Kentucky,"Owensboro, KY",85.10,
Kentucky,West Kentucky nonmetropolitan area,80.37,
Kentucky,South Central Kentucky nonmetropolitan area,80.52,
Kentucky,Central Kentucky nonmetropolitan area,80.63,
Kentucky,East Kentucky nonmetropolitan area,76.38,
Michigan,Michigan,97.28,yes
Missouri,Missouri,94.59,yes
Missouri,"Ann Arbor, MI",97.36,
Missouri,"Cape Girardeau, MO-IL",89.18,
Missouri,"Battle Creek, MI",96.74,
Missouri,"Columbia, MO",92.12,
Missouri,"Bay City, MI",91.03,
Missouri,"Fayetteville-Springdale-Rogers, AR-MO",90.35,
Missouri,"Detroit-Warren-Dearborn, MI",100.35,
Missouri,"Jefferson City, MO",89.86,
Missouri,"Flint, MI",92.92,
Missouri,"Joplin, MO",90.44,
Missouri,"Grand Rapids-Wyoming, MI",96.46,
Missouri,"Kansas City, MO-KS",96.48,
Missouri,"Jackson, MI",94.77,
Missouri,"St. Joseph, MO-KS",93.69,
Missouri,"Kalamazoo-Portage, MI",94.73,
Missouri,"St. Louis, MO-IL",97.84,
Missouri,"Lansing-East Lansing, MI",97.33,
Missouri,"Springfield, MO",90.69,
Missouri,"Midland, MI",91.69,
Missouri,Central Missouri nonmetropolitan area,89.04,
Missouri,"Monroe, MI",96.39,
Missouri,North Missouri nonmetropolitan area,89.57,
Missouri,"Muskegon, MI",92.60,
Missouri,Southeast Missouri nonmetropolitan area,88.55,
Missouri,"Niles-Benton Harbor, MI",95.30,
Missouri,Southwest Missouri nonmetropolitan area,89.16,
Missouri,"Saginaw, MI",92.36,
Montana,Montana,92.02,yes
Montana,"South Bend-Mishawaka, IN-MI",89.87,
Montana,"Billings, MT",92.90,
Montana,"Upper Peninsula of Michigan nonmetropolitan             Great Falls, MT",86.71,
Montana,area,93.24,
Montana,"Missoula, MT",91.01,
Montana,Northeast Lower Peninsula of Michigan                   Southwest Montana nonmetropolitan area,93.18,
Montana,nonmetropolitan area,93.55,
Montana,West Montana nonmetropolitan area,92.27,
Montana,Northwest Lower Peninsula of Michigan                   East-Central Montana nonmetropolitan area,90.99,
Montana,nonmetropolitan area,97.00,
Nebraska,Nebraska,92.08,yes
Nebraska,"Balance of Lower Peninsula of Michigan                  Grand Island, NE",92.10,
Nebraska,nonmetropolitan area,94.21,
Nebraska,"Lincoln, NE",89.71,
Minnesota,Minnesota,103.09,yes
Minnesota,"Omaha-Council Bluffs, NE-IA",94.67,
Minnesota,"Duluth, MN-WI",96.53,
Minnesota,"Sioux City, IA-NE-SD",92.55,
Minnesota,"Fargo, ND-MN",99.77,
Minnesota,Northwest Nebraska nonmetropolitan area,87.59,
Minnesota,"Grand Forks, ND-MN",98.61,
Minnesota,Northeast Nebraska nonmetropolitan area,89.87,
Minnesota,"La Crosse-Onalaska, WI-MN",93.89,
Minnesota,South Nebraska nonmetropolitan area,88.46,
Minnesota,"Mankato-North Mankato, MN",99.19,
Nevada,Nevada,94.47,yes
Nevada,"Minneapolis-St. Paul-Bloomington, MN-WI",105.70,
Nevada,"Carson City, NV",102.44,
Nevada,"Rochester, MN",101.04,
Nevada,"Las Vegas-Henderson-Paradise, NV",94.39,
Nevada,"St. Cloud, MN",99.32,
Nevada,"Reno, NV",96.35,
Nevada,Northwest Minnesota nonmetropolitan area,97.84,
Nevada,Nevada nonmetropolitan area,88.90,
Nevada,Northeast Minnesota nonmetropolitan area,97.19,
New Hampshire,New Hampshire,102.19,yes
New Hampshire,Southwest Minnesota nonmetropolitan area,97.20,
New Hampshire,"Boston-Cambridge-Nashua, MA-NH",117.90,
New Hampshire,Southeast Minnesota nonmetropolitan area,98.29,
New Hampshire,"Dover-Durham, NH-ME",98.74,
Mississippi,Mississippi,77.41,yes
Mississippi,"Manchester, NH",99.95,
Mississippi,"Gulfport-Biloxi-Pascagoula, MS",80.24,
Mississippi,"Portsmouth, NH-ME",104.78,
Mississippi,"Hattiesburg, MS",73.33,
Mississippi,"Jackson, MS",77.84,
Mississippi,area,97.65,
Mississippi,"Memphis, TN-MS-AR",87.71,
Mississippi,Central New Hampshire nonmetropolitan area,97.52,
Mississippi,Northeast Mississippi nonmetropolitan area,76.94,
Mississippi,Northwest Mississippi nonmetropolitan area,73.34,
Mississippi,nonmetropolitan area,99.90,
Mississippi,Southeast Mississippi nonmetropolitan area,74.39,
Mississippi,Southwest Mississippi nonmetropolitan area,74.93,
New Jersey,New Jersey,110.27,yes
North Carolina,North Carolina,88.86,yes
North Carolina,"Allentown-Bethlehem-Easton, PA-NJ",95.11,
North Carolina,"Asheville, NC",90.38,
North Carolina,"Atlantic City-Hammonton, NJ",107.86,
North Carolina,"Burlington, NC",84.67,
North Carolina,"New York-Newark-Jersey City, NY-NJ-PA",120.62,
North Carolina,"Charlotte-Concord-Gastonia, NC-SC",92.04,
North Carolina,"Ocean City, NJ",106.59,
North Carolina,"Durham-Chapel Hill, NC",96.32,
North Carolina,"Philadelphia-Camden-Wilmington, PA-NJ-DE-               Fayetteville, NC",82.78,
North Carolina,MD,99.29,
North Carolina,"Goldsboro, NC",81.87,
North Carolina,"Trenton, NJ",107.91,
North Carolina,"Greensboro-High Point, NC",86.69,
North Carolina,"Vineland-Bridgeton, NJ",102.81,
North Carolina,"Greenville, NC",85.25,
New Mexico,New Mexico,90.51,yes
New Mexico,"Hickory-Lenoir-Morganton, NC",87.52,
New Mexico,"Albuquerque, NM",91.52,
New Mexico,"Jacksonville, NC",80.36,
New Mexico,"Farmington, NM",87.69,
New Mexico,"Las Cruces, NM",85.70,
New Mexico,NC,81.27,
New Mexico,"Santa Fe, NM",99.34,
New Mexico,"New Bern, NC",81.93,
New Mexico,Northern New Mexico nonmetropolitan area,88.35,
New Mexico,"Raleigh, NC",92.99,
New Mexico,Eastern New Mexico nonmetropolitan area,88.89,
New Mexico,"Rocky Mount, NC",81.55,
New York,New York,119.29,yes
New York,"Virginia Beach-Norfolk-Newport News, VA-NC",91.08,
New York,"Albany-Schenectady-Troy, NY",110.47,
New York,"Wilmington, NC",88.02,
New York,"Binghamton, NY",105.68,
New York,"Winston-Salem, NC",86.45,
New York,"Buffalo-Cheektowaga-Niagara Falls, NY",106.65,
New York,"Elmira, NY",104.71,
New York,nonmetropolitan area,83.03,
New York,"Glens Falls, NY",107.80,
New York,"Ithaca, NY",115.95,
New York,nonmetropolitan area,85.49,
New York,"Kingston, NY",111.66,
New York,"New York-Newark-Jersey City, NY-NJ-PA",120.62,
New York,area,84.13,
New York,"Rochester, NY",106.75,
New York,"Syracuse, NY",107.50,
New York,area,88.20,
New York,"Utica-Rome, NY",110.08,
North Dakota,North Dakota,100.47,yes
North Dakota,"Watertown-Fort Drum, NY",102.36,
North Dakota,"Bismarck, ND",100.32,
North Dakota,"Capital/Northern New York nonmetropolitan               Fargo, ND-MN",99.77,
North Dakota,area,106.49,
North Dakota,"Grand Forks, ND-MN",98.61,
North Dakota,Southwest New York nonmetropolitan area,104.87,
North Dakota,West North Dakota nonmetropolitan area,102.37,
North Dakota,East North Dakota nonmetropolitan area,99.95,
Ohio,Ohio,91.98,yes
Ohio,"Akron, OH",92.14,
Ohio,"Canton-Massillon, OH",87.71,
Ohio,"Cincinnati, OH-KY-IN",93.38,
Ohio,"Cleveland-Elyria, OH",94.54,
Ohio,"Columbus, OH",94.89,
Ohio,"Dayton, OH",91.80,
Ohio,"Huntington-Ashland, WV-KY-OH",81.37,
Ohio,"Lima, OH",87.94,
Ohio,"Mansfield, OH",86.90,
Ohio,"Springfield, OH",88.68,
Ohio,"Toledo, OH",91.11,
Ohio,"Weirton-Steubenville, WV-OH",84.56,
Ohio,"Wheeling, WV-OH",82.91,
Ohio,"Youngstown-Warren-Boardman, OH-PA",85.13,
Ohio,West Northwestern Ohio nonmetropolitan,88.28,
Ohio,North Northeastern Ohio nonmetropolitan,87.88,
Ohio,Eastern Ohio nonmetropolitan area,87.93,
Ohio,Southern Ohio nonmetropolitan area,88.66,
Oklahoma,Oklahoma,83.79,yes
Rhode Island,Rhode Island,106.27,yes
Rhode Island,"Enid, OK",79.62,
Rhode Island,"Norwich-New London-Westerly, CT-RI",110.23,
Rhode Island,"Fort Smith, AR-OK",83.78,
Rhode Island,"Providence-Warwick, RI-MA",107.01,
Rhode Island,"Lawton, OK",80.59,
South Carolina,South Carolina,84.75,yes
South Carolina,"Oklahoma City, OK",85.87,
South Carolina,"Augusta-Richmond County, GA-SC",82.75,
South Carolina,"Tulsa, OK",86.66,
South Carolina,"Charleston-North Charleston, SC",89.60,
South Carolina,Northeast Oklahoma nonmetropolitan area,79.50,
South Carolina,"Charlotte-Concord-Gastonia, NC-SC",92.04,
South Carolina,Northwest Oklahoma nonmetropolitan area,79.17,
South Carolina,"Columbia, SC",83.20,
South Carolina,Southwest Oklahoma nonmetropolitan area,78.32,
South Carolina,"Florence, SC",79.42,
South Carolina,Southeast Oklahoma nonmetropolitan area,79.14,
South Carolina,"Greenville-Anderson-Mauldin, SC",84.96,
Oregon,Oregon,108.02,yes
Oregon,"Hilton Head Island-Bluffton-Beaufort, SC",88.33,
Oregon,"Albany, OR",103.99,
Oregon,"Bend-Redmond, OR",106.91,
Oregon,NC,81.27,
Oregon,"Corvallis, OR",102.72,
Oregon,"Spartanburg, SC",85.60,
Oregon,"Eugene, OR",102.49,
Oregon,"Sumter, SC",79.72,
Oregon,"Grants Pass, OR",107.79,
Oregon,"Medford, OR",103.16,
Oregon,nonmetropolitan area,80.94,
Oregon,"Portland-Vancouver-Hillsboro, OR-WA",113.16,
Oregon,"Salem, OR",105.57,
Oregon,nonmetropolitan area,79.37,
Oregon,Coast Oregon nonmetropolitan area,101.25,
Oregon,Central Oregon nonmetropolitan area,102.14,
Oregon,area,80.57,
Oregon,Eastern Oregon nonmetropolitan area,101.56,
South Dakota,South Dakota,91.30,yes
Pennsylvania,Pennsylvania,93.01,yes
Pennsylvania,"Rapid City, SD",89.61,
Pennsylvania,"Allentown-Bethlehem-Easton, PA-NJ",95.11,
Pennsylvania,"Sioux City, IA-NE-SD",92.55,
Pennsylvania,"Altoona, PA",84.87,
Pennsylvania,"Sioux Falls, SD",93.40,
Pennsylvania,"Bloomsburg-Berwick, PA",87.65,
Pennsylvania,East South Dakota nonmetropolitan area,90.63,
Pennsylvania,"Chambersburg-Waynesboro, PA",89.76,
Pennsylvania,West South Dakota nonmetropolitan area,89.87,
Pennsylvania,"East Stroudsburg, PA",89.56,
Tennessee,Tennessee,87.78,yes
Tennessee,"Erie, PA",86.06,
Tennessee,"Chattanooga, TN-GA",85.68,
Tennessee,"Gettysburg, PA",88.82,
Tennessee,"Clarksville, TN-KY",84.26,
Tennessee,"Harrisburg-Carlisle, PA",92.40,
Tennessee,"Cleveland, TN",82.84,
Tennessee,"Johnstown, PA",80.77,
Tennessee,"Lancaster, PA",92.09,
Tennessee,"Jackson, TN",83.43,
Tennessee,"Lebanon, PA",90.06,
Tennessee,"Johnson City, TN",82.13,
Tennessee,"New York-Newark-Jersey City, NY-NJ-PA",120.62,
Tennessee,"Kingsport-Bristol-Bristol, TN-VA",84.19,
Tennessee,"Philadelphia-Camden-Wilmington, PA-NJ-DE-",99.29,
Tennessee,"Knoxville, TN",87.79,
Tennessee,"Pittsburgh, PA",91.58,
Tennessee,"Memphis, TN-MS-AR",87.71,
Tennessee,"Reading, PA",91.97,
Tennessee,"Morristown, TN",81.65,
Tennessee,"Scranton--Wilkes-Barre--Hazleton, PA",89.45,
Tennessee,"State College, PA",89.49,
Tennessee,Nashville-Davidson--Murfreesboro--Franklin TN,92.71,
Tennessee,"Williamsport, PA",89.00,
Tennessee,West Tennessee nonmetropolitan area,81.55,
Tennessee,"York-Hanover, PA",89.44,
Tennessee,"Youngstown-Warren-Boardman, OH-PA",85.13,
Tennessee,area,81.79,
Tennessee,Western Pennsylvania nonmetropolitan area,86.25,
Tennessee,Northern Pennsylvania nonmetropolitan area,86.33,
Tennessee,area,82.42,
Tennessee,Southern Pennsylvania nonmetropolitan area,86.93,
Tennessee,East Tennessee nonmetropolitan area,82.34,
Puerto Rico,Puerto Rico,64.16,yes
Puerto Rico,"Aguadilla-Isabela, PR",61.72,
Puerto Rico,"Arecibo, PR",64.19,
Puerto Rico,"Guayama, PR",64.80,
Puerto Rico,"Mayaguez, PR",62.83,
Puerto Rico,"Ponce, PR",63.28,
Puerto Rico,"San German, PR",60.49,
Puerto Rico,"San Juan-Carolina-Caguas, PR",64.72,
Puerto Rico,Puerto Rico nonmetropolitan area,64.45,
Texas,Texas,87.64,yes
Virginia,Virginia,97.49,yes
Virginia,"Abilene, TX",81.50,
Virginia,"Blacksburg-Christiansburg-Radford, VA",90.20,
Virginia,"Amarillo, TX",82.91,
Virginia,"Charlottesville, VA",97.51,
Virginia,"Austin-Round Rock, TX",94.44,
Virginia,"Harrisonburg, VA",91.77,
Virginia,"Beaumont-Port Arthur, TX",84.10,
Virginia,"Kingsport-Bristol-Bristol, TN-VA",84.19,
Virginia,"Brownsville-Harlingen, TX",77.31,
Virginia,"Lynchburg, VA",86.97,
Virginia,"College Station-Bryan, TX",83.45,
Virginia,"Richmond, VA",94.44,
Virginia,"Corpus Christi, TX",82.56,
Virginia,"Roanoke, VA",88.55,
Virginia,"Dallas-Fort Worth-Arlington, TX",91.93,
Virginia,"Staunton-Waynesboro, VA",90.33,
Virginia,"El Paso, TX",76.14,
Virginia,"Virginia Beach-Norfolk-Newport News, VA-NC",91.08,
Virginia,"Houston-The Woodlands-Sugar Land, TX",88.95,
Virginia,"Killeen-Temple, TX",83.18,
Virginia,WV,113.38,
Virginia,"Laredo, TX",75.07,
Virginia,"Winchester, VA-WV",92.50,
Virginia,"Longview, TX",80.36,
Virginia,Southwest Virginia nonmetropolitan area,86.24,
Virginia,"Lubbock, TX",82.26,
Virginia,Southside Virginia nonmetropolitan area,86.94,
Virginia,"McAllen-Edinburg-Mission, TX",75.74,
Virginia,Northeast Virginia nonmetropolitan area,88.35,
Virginia,"Midland, TX",92.87,
Virginia,Northwest Virginia nonmetropolitan area,90.96,
Virginia,"Odessa, TX",90.60,
Washington,Washington,121.71,yes
Washington,"San Angelo, TX",81.32,
Washington,"Bellingham, WA",115.19,
Washington,"San Antonio-New Braunfels, TX",87.95,
Washington,"Bremerton-Silverdale, WA",118.11,
Washington,"Sherman-Denison, TX",84.61,
Washington,"Kennewick-Richland, WA",116.74,
Washington,"Texarkana, TX-AR",81.14,
Washington,"Lewiston, ID-WA",97.28,
Washington,"Tyler, TX",81.09,
Washington,"Longview, WA",114.62,
Washington,"Victoria, TX",83.51,
Washington,"Mount Vernon-Anacortes, WA",118.24,
Washington,"Waco, TX",84.89,
Washington,"Olympia-Tumwater, WA",117.68,
Washington,"Wichita Falls, TX",79.74,
Washington,"Portland-Vancouver-Hillsboro, OR-WA",113.16,
Washington,"West Texas Region of Texas nonmetropolitan              Seattle-Tacoma-Bellevue, WA",127.42,
Washington,area,84.06,
Washington,"Spokane-Spokane Valley, WA",112.70,
Washington,"North Texas Region of Texas nonmetropolitan             Walla Walla, WA",113.49,
Washington,area,81.97,
Washington,"Wenatchee, WA",112.06,
Washington,"Big Thicket Region of Texas nonmetropolitan             Yakima, WA",111.43,
Washington,area,81.46,
Washington,Western Washington nonmetropolitan area,115.57,
Washington,Hill Country Region of Texas nonmetropolitan            Eastern Washington nonmetropolitan area,113.51,
Washington,area,82.97,
West Virginia,West Virginia,81.89,yes
West Virginia,Border Region of Texas nonmetropolitan area,82.30,
West Virginia,"Beckley, WV",77.94,
West Virginia,"Coastal Plains Region of Texas                          Charleston, WV",79.30,
West Virginia,nonmetropolitan area,80.64,
West Virginia,"Cumberland, MD-WV",92.60,
Utah,Utah,96.48,yes
Utah,"Hagerstown-Martinsburg, MD-WV",94.59,
Utah,"Logan, UT-ID",87.74,
Utah,"Huntington-Ashland, WV-KY-OH",81.37,
Utah,"Ogden-Clearfield, UT",94.48,
Utah,"Morgantown, WV",83.44,
Utah,"Provo-Orem, UT",93.94,
Utah,"Parkersburg-Vienna, WV",79.63,
Utah,"St. George, UT",92.45,
Utah,"Salt Lake City, UT",100.35,
Utah,WV,113.38,
Utah,Eastern Utah nonmetropolitan area,96.68,
Utah,"Weirton-Steubenville, WV-OH",84.56,
Utah,Central Utah nonmetropolitan area,90.50,
Utah,"Wheeling, WV-OH",82.91,
Vermont,Vermont,110.21,yes
Vermont,"Winchester, VA-WV",92.50,
Vermont,"Burlington-South Burlington, VT",112.07,
Vermont,Southern West Virginia nonmetropolitan area,79.24,
Vermont,Southern Vermont nonmetropolitan area,110.42,
Vermont,Northern West Virginia nonmetropolitan area,79.82,
Vermont,Northern Vermont nonmetropolitan area,110.40,
Vermont,Virgin Islands,94.17,
Wisconsin,Wisconsin,94.50,yes
Wisconsin,"Appleton, WI",94.76,
Wisconsin,"Chicago-Naperville-Elgin, IL-IN-WI",105.51,
Wisconsin,"Duluth, MN-WI",96.53,
Wisconsin,"Eau Claire, WI",92.54,
Wisconsin,"Fond du Lac, WI",92.59,
Wisconsin,"Green Bay, WI",93.25,
Wisconsin,"Janesville-Beloit, WI",92.35,
Wisconsin,"La Crosse-Onalaska, WI-MN",93.89,
Wisconsin,"Madison, WI",97.99,
Wisconsin,"Milwaukee-Waukesha-West Allis, WI",95.88,
Wisconsin,"Minneapolis-St. Paul-Bloomington, MN-WI",105.70,
Wisconsin,"Oshkosh-Neenah, WI",91.87,
Wisconsin,"Racine, WI",91.75,
Wisconsin,"Sheboygan, WI",92.82,
Wisconsin,"Wausau, WI",93.13,
Wisconsin,area,92.32,
Wisconsin,Northeastern Wisconsin nonmetropolitan area,90.00,
Wisconsin,South Central Wisconsin nonmetropolitan area,92.02,
Wisconsin,Western Wisconsin nonmetropolitan area,92.69,
Wyoming,Wyoming,94.51,yes
Wyoming,"Casper, WY",93.33,
Wyoming,"Cheyenne, WY",91.75,
Wyoming,Western Wyoming nonmetropolitan area,97.37,
Wyoming,Eastern Wyoming nonmetropolitan area,92.98,
